subtitle.phoneringtone,8.518
nightthree.phoneguy.lineone,4.134
nightthree.phoneguy.linetwo,5.546
nightthree.phoneguy.linethree,5.089
nightthree.phoneguy.linefour,2.399
nightthree.phoneguy.linefive,4.862
nightthree.phoneguy.linesix,2.76
nightthree.phoneguy.lineseven,3.596
nightthree.phoneguy.lineheight,4.38
nightthree.phoneguy.linenine,2.976
nightthree.phoneguy.lineten,2.891
nightthree.phoneguy.lineeleven,2.184
nightthree.phoneguy.linetwelve,4.333
nightthree.phoneguy.linethirteen,4.961
nightthree.phoneguy.linefourteen,4.269
nightthree.phoneguy.linefifteen,4.412
nightthree.phoneguy.linesixteen,4.233
nightthree.phoneguy.lineseventeen,4.526
nightthree.phoneguy.lineeighteen,5.728
nightthree.phoneguy.linenineteen,3.407